title,price,availability,rating
It's Only the Himalayas,£45.17,In stock,Two
You can't bury them all: Poems,£33.63,In stock,Two
The Natural History of Us (The Fine Art of Pretending #2),£45.22,In stock,Three
"Rat Queens, Vol. 3: Demons (Rat Queens (Collected Editions) #11-15)",£50.40,In stock,Three
In the Country We Love: My Family Divided,£22.00,In stock,Four
"Avatar: The Last Airbender: Smoke and Shadow, Part 3 (Smoke and Shadow #3)",£28.09,In stock,Two
The Stranger,£17.44,In stock,Four
The Cookies & Cups Cookbook: 125+ sweet & savory recipes reminding you to Always Eat Dessert First,£41.25,In stock,One
Mrs. Houdini,£30.25,In stock,Five
"Deliciously Ella Every Day: Quick and Easy Recipes for Gluten-Free Snacks, Packed Lunches, and Simple Meals",£42.16,In stock,Three
Why the Right Went Wrong: Conservatism--From Goldwater to the Tea Party and Beyond,£52.65,In stock,Four
The Rosie Project (Don Tillman #1),£54.04,In stock,One
Take Me with You,£45.21,In stock,Three
"Naruto (3-in-1 Edition), Vol. 14: Includes Vols. 40, 41 & 42 (Naruto: Omnibus #14)",£38.39,In stock,Two
"Hush, Hush (Hush, Hush #1)",£47.02,In stock,Three
Cometh the Hour (The Clifton Chronicles #6),£25.01,In stock,Three
Angels & Demons (Robert Langdon #1),£51.48,In stock,Three
The Silent Sister (Riley MacPherson #1),£46.29,In stock,Five
How to Speak Golf: An Illustrated Guide to Links Lingo,£58.32,In stock,Five
Off the Hook (Fishing for Trouble #1),£47.67,In stock,Three
10-Day Green Smoothie Cleanse: Lose Up to 15 Pounds in 10 Days!,£49.71,In stock,Five
Don't Forget Steven,£33.23,In stock,One
Shadows of the Past (Logan Point #1),£39.67,In stock,Five
History of Beauty,£10.29,In stock,Four
The Whale,£35.96,In stock,Four
Playing from the Heart,£32.38,In stock,One
Blue Like Jazz: Nonreligious Thoughts on Christian Spirituality,£25.77,In stock,One
The Collected Poems of W.B. Yeats (The Collected Works of W.B. Yeats #1),£15.42,In stock,Five
A Year in Provence (Provence #1),£56.88,In stock,Four
The Expatriates,£44.58,In stock,Two
Kill the Boy Band,£15.52,In stock,Five
America's War for the Greater Middle East: A Military History,£51.22,In stock,Two
Some Women,£13.73,In stock,Five
"Fruits Basket, Vol. 4 (Fruits Basket #4)",£50.44,In stock,Four
We Are All Completely Beside Ourselves,£24.04,In stock,One
The Smitten Kitchen Cookbook,£23.59,In stock,One
The Lonely Ones,£43.59,In stock,Five
The Day the Crayons Came Home (Crayons),£26.33,In stock,Five
Shopaholic & Baby (Shopaholic #5),£46.45,In stock,Two
One for the Money (Stephanie Plum #1),£32.87,In stock,Two
Lady Renegades (Rebel Belle #3),£53.04,In stock,Five
Golden (Heart of Dread #3),£42.21,In stock,Four
Cosmos,£36.17,In stock,Two
Are We Smart Enough to Know How Smart Animals Are?,£56.58,In stock,One
Girl Online On Tour (Girl Online #2),£53.47,In stock,One
The Selfish Gene,£29.45,In stock,One
The Communist Manifesto,£14.76,In stock,Three
One Second (Seven #7),£52.94,In stock,Two
"Fruits Basket, Vol. 1 (Fruits Basket #1)",£40.28,In stock,Five
"1,000 Places to See Before You Die",£26.08,In stock,Five
